time,longitude,latitude,pressure_hPa,geopotential height_m,temperature_C,dew point temperature_C,ice point temperature_C,relative humidity_%,humidity wrt ice_%,mixing ratio_g/kg,wind direction_degree,wind speed_m/s
2026-10-01 11:17:00,-120.5600,34.7500, 998.0,  121, 14.0, 13.8, 13.8, 99, 99, 9.98,120, 2.1
2026-10-01 11:17:00,-120.5600,34.7500, 975.8,  305, 13.4, 13.3, 13.3, 99, 99, 9.88,290, 0.5
2026-10-01 11:17:00,-120.5600,34.7500, 962.0,  421, 13.0, 13.0, 13.0,100,100, 9.82,332, 1.3
2026-10-01 11:17:00,-120.5600,34.7500, 960.0,  438, 13.4, 13.2, 13.2, 99, 99, 9.98,339, 1.4
2026-10-01 11:17:00,-120.5600,34.7500, 958.0,  455, 17.0, 11.0, 11.0, 68, 68, 8.63,345, 1.5
2026-10-01 11:17:00,-120.5600,34.7500, 956.0,  473, 17.8,  8.8,  8.8, 56, 56, 7.45,351, 1.7
2026-10-01 11:17:00,-120.5600,34.7500, 947.0,  551, 20.8,  5.8,  5.8, 38, 38, 6.11, 19, 2.2
2026-10-01 11:17:00,-120.5600,34.7500, 940.4,  610, 21.7,  5.3,  5.3, 34, 34, 5.93, 40, 2.6
2026-10-01 11:17:00,-120.5600,34.7500, 925.0,  749, 24.0,  4.0,  4.0, 27, 27, 5.51, 50, 2.1
2026-10-01 11:17:00,-120.5600,34.7500, 918.0,  815, 25.2,  3.2,  3.2, 24, 24, 5.25, 38, 1.9
2026-10-01 11:17:00,-120.5600,34.7500, 907.7,  914, 25.8, -1.3, -1.2, 17, 17, 3.82, 20, 1.5
2026-10-01 11:17:00,-120.5600,34.7500, 900.0,  989, 26.2, -4.8, -4.3, 13, 13, 2.97, 37, 1.9
2026-10-01 11:17:00,-120.5600,34.7500, 892.0, 1067, 26.0, -5.0, -4.4, 13, 13, 2.95, 55, 2.3
2026-10-01 11:17:00,-120.5600,34.7500, 876.6, 1219, 25.1, -5.9, -5.2, 12, 12, 2.81, 90, 3.1
2026-10-01 11:17:00,-120.5600,34.7500, 868.0, 1306, 24.6, -6.4, -5.7, 12, 12, 2.73, 95, 2.9
2026-10-01 11:17:00,-120.5600,34.7500, 850.0, 1488, 23.2, -2.8, -2.5, 18, 18, 3.66,105, 2.6
2026-10-01 11:17:00,-120.5600,34.7500, 846.4, 1524, 23.0, -2.9, -2.6, 18, 18, 3.64,110, 2.6
2026-10-01 11:17:00,-120.5600,34.7500, 816.7, 1829, 21.0, -4.0, -3.5, 18, 18, 3.49,165, 2.6
2026-10-01 11:17:00,-120.5600,34.7500, 788.0, 2134, 19.1, -5.0, -4.4, 19, 19, 3.35,150, 2.1
2026-10-01 11:17:00,-120.5600,34.7500, 760.5, 2438, 17.1, -6.0, -5.3, 20, 20, 3.21, 30, 0.0
2026-10-01 11:17:00,-120.5600,34.7500, 733.8, 2743, 15.2, -7.0, -6.3, 21, 21, 3.07,160, 2.1
2026-10-01 11:17:00,-120.5600,34.7500, 708.0, 3048, 13.2, -8.1, -7.2, 22, 22, 2.94,260, 0.5
2026-10-01 11:17:00,-120.5600,34.7500, 700.0, 3145, 12.6, -8.4, -7.5, 22, 22, 2.90,260, 1.0
2026-10-01 11:17:00,-120.5600,34.7500, 682.5, 3353, 11.1, -9.8, -8.7, 22, 22, 2.67,315, 2.1
2026-10-01 11:17:00,-120.5600,34.7500, 657.7, 3658,  8.8,-11.8,-10.5, 22, 22, 2.36, 60, 1.0
2026-10-01 11:17:00,-120.5600,34.7500, 633.9, 3962,  6.6,-13.8,-12.3, 22, 22, 2.09, 25, 1.0
2026-10-01 11:17:00,-120.5600,34.7500, 610.8, 4267,  4.4,-15.7,-14.1, 22, 22, 1.84, 45, 1.5
2026-10-01 11:17:00,-120.5600,34.7500, 599.0, 4427,  3.2,-16.8,-15.0, 21, 21, 1.71, 63, 1.5
2026-10-01 11:17:00,-120.5600,34.7500, 588.3, 4572,  2.5,-18.8,-16.9, 19, 19, 1.47, 80, 1.5
2026-10-01 11:17:00,-120.5600,34.7500, 566.3, 4877,  1.1,-23.1,-20.8, 14, 14, 1.05,100, 2.1
2026-10-01 11:17:00,-120.5600,34.7500, 545.2, 5182, -0.3,-27.4,-24.8, 11, 11, 0.74,100, 2.6
2026-10-01 11:17:00,-120.5600,34.7500, 525.0, 5484, -1.7,-31.7,-28.7,  8,  8, 0.51, 60, 8.2
2026-10-01 11:17:00,-120.5600,34.7500, 524.9, 5486, -1.7,-31.7,-28.7,  8,  8, 0.51, 60, 8.2
2026-10-01 11:17:00,-120.5600,34.7500, 505.0, 5791, -3.8,-35.4,-32.1,  7,  7, 0.37, 50, 8.2
2026-10-01 11:17:00,-120.5600,34.7500, 500.0, 5870, -4.3,-36.3,-33.0,  6,  6, 0.34, 50, 8.2
2026-10-01 11:17:00,-120.5600,34.7500, 485.5, 6096, -6.2,-37.4,-34.0,  6,  7, 0.32, 55, 7.2
2026-10-01 11:17:00,-120.5600,34.7500, 466.5, 6401, -8.7,-38.8,-35.4,  7,  7, 0.29, 50, 8.8
2026-10-01 11:17:00,-120.5600,34.7500, 448.3, 6706,-11.2,-40.3,-36.8,  7,  8, 0.26, 70, 7.7
2026-10-01 11:17:00,-120.5600,34.7500, 430.9, 7010,-13.8,-41.8,-38.2,  7,  9, 0.23, 60, 7.2
2026-10-01 11:17:00,-120.5600,34.7500, 414.1, 7315,-16.3,-43.2,-39.5,  8,  9, 0.20, 60, 7.7
2026-10-01 11:17:00,-120.5600,34.7500, 400.0, 7580,-18.5,-44.5,-40.8,  8, 10, 0.18, 60, 4.6
2026-10-01 11:17:00,-120.5600,34.7500, 397.9, 7620,-18.9,-44.9,-41.1,  8, 10, 0.18, 65, 4.1
2026-10-01 11:17:00,-120.5600,34.7500, 394.0, 7693,-19.5,-45.5,-41.7,  8, 10, 0.17, 73, 3.4
2026-10-01 11:17:00,-120.5600,34.7500, 381.5, 7925,-21.2,-47.5,-43.6,  8,  9, 0.14,100, 1.0
2026-10-01 11:17:00,-120.5600,34.7500, 365.7, 8230,-23.5,-50.0,-46.0,  7,  9, 0.11,255, 2.6
2026-10-01 11:17:00,-120.5600,34.7500, 350.6, 8534,-25.7,-52.6,-48.5,  6,  8, 0.08,255, 4.1
2026-10-01 11:17:00,-120.5600,34.7500, 336.1, 8839,-28.0,-55.2,-51.0,  6,  7, 0.06,225, 6.2
2026-10-01 11:17:00,-120.5600,34.7500, 322.2, 9144,-30.3,-57.7,-53.4,  5,  7, 0.05,250, 6.7
2026-10-01 11:17:00,-120.5600,34.7500, 308.9, 9449,-32.5,-60.3,-55.9,  5,  6, 0.04,285,10.8
2026-10-01 11:17:00,-120.5600,34.7500, 300.0, 9660,-34.1,-62.1,-57.7,  4,  6, 0.03,300,12.4
2026-10-01 11:17:00,-120.5600,34.7500, 296.0, 9754,-34.8,-62.3,-57.8,  4,  6, 0.03,300,13.4
2026-10-01 11:17:00,-120.5600,34.7500, 283.3,10058,-36.9,-62.9,-58.4,  5,  7, 0.03,300,12.9
2026-10-01 11:17:00,-120.5600,34.7500, 275.0,10266,-38.3,-63.3,-58.8,  6,  8, 0.03,293,12.9
2026-10-01 11:17:00,-120.5600,34.7500, 271.1,10363,-38.7,-63.6,-59.1,  6,  8, 0.03,290,12.9
2026-10-01 11:17:00,-120.5600,34.7500, 259.4,10668,-40.0,-64.4,-59.9,  6,  9, 0.03,290,19.6
2026-10-01 11:17:00,-120.5600,34.7500, 250.0,10920,-41.1,-65.1,-60.6,  6,  9, 0.02,285,21.6
2026-10-01 11:17:00,-120.5600,34.7500, 248.0,10973,-41.5,-65.4,-60.8,  6,  9, 0.02,290,21.6
2026-10-01 11:17:00,-120.5600,34.7500, 236.9,11278,-43.6,-66.8,-62.3,  6,  9, 0.02,290,25.7
2026-10-01 11:17:00,-120.5600,34.7500, 226.3,11582,-45.7,-68.3,-63.7,  6, 10, 0.02,285,26.2
2026-10-01 11:17:00,-120.5600,34.7500, 216.1,11887,-47.8,-69.8,-65.2,  6, 10, 0.02,280,25.2
2026-10-01 11:17:00,-120.5600,34.7500, 206.4,12192,-49.9,-71.3,-66.6,  7, 11, 0.01,280,25.2
2026-10-01 11:17:00,-120.5600,34.7500, 200.0,12400,-51.3,-72.3,-67.6,  7, 11, 0.01,275,26.2
2026-10-01 11:17:00,-120.5600,34.7500, 197.0,12497,-51.8,-72.7,-68.0,  7, 11, 0.01,280,26.8
2026-10-01 11:17:00,-120.5600,34.7500, 187.8,12802,-53.4,-74.0,-69.3,  7, 11, 0.01,280,26.8
2026-10-01 11:17:00,-120.5600,34.7500, 179.0,13106,-55.0,-75.2,-70.5,  7, 12, 0.01,280,24.7
2026-10-01 11:17:00,-120.5600,34.7500, 170.6,13411,-56.6,-76.5,-71.8,  7, 12, 0.01,270,22.6
2026-10-01 11:17:00,-120.5600,34.7500, 162.6,13716,-58.2,-77.8,-73.0,  7, 12, 0.01,280,25.2
2026-10-01 11:17:00,-120.5600,34.7500, 155.0,14021,-59.8,-79.0,-74.3,  7, 12, 0.01,280,21.6
2026-10-01 11:17:00,-120.5600,34.7500, 150.0,14230,-60.9,-79.9,-75.1,  7, 12, 0.00,275,21.6
2026-10-01 11:17:00,-120.5600,34.7500, 147.7,14326,-61.5,-80.0,-75.3,  7, 13, 0.00,270,20.1
2026-10-01 11:17:00,-120.5600,34.7500, 140.6,14630,-63.5,-80.3,-75.6,  9, 17, 0.00,260,20.6
2026-10-01 11:17:00,-120.5600,34.7500, 137.0,14788,-64.5,-80.5,-75.7, 10, 19, 0.00,265,21.4
2026-10-01 11:17:00,-120.5600,34.7500, 133.7,14935,-65.1,-80.8,-76.0, 10, 19, 0.00,270,22.1
2026-10-01 11:17:00,-120.5600,34.7500, 127.0,15240,-66.5,-81.4,-76.6, 11, 21, 0.00,280,20.6
2026-10-01 11:17:00,-120.5600,34.7500, 120.7,15545,-67.8,-82.0,-77.2, 12, 23, 0.00,280,18.0
2026-10-01 11:17:00,-120.5600,34.7500, 114.7,15850,-69.1,-82.6,-77.9, 13, 26, 0.00,275,16.0
2026-10-01 11:17:00,-120.5600,34.7500, 109.1,16154,-70.4,-83.2,-78.5, 14, 29, 0.00,260,16.0
2026-10-01 11:17:00,-120.5600,34.7500, 103.6,16459,-71.7,-83.8,-79.1, 16, 32, 0.00,265,19.6
2026-10-01 11:17:00,-120.5600,34.7500, 103.0,16496,-71.9,-83.9,-79.1, 16, 32, 0.00,265,19.6
2026-10-01 11:17:00,-120.5600,34.7500, 100.0,16670,-71.5,-84.5,-79.7, 14, 27, 0.00,275,16.5
2026-10-01 11:17:00,-120.5600,34.7500,  96.0,16911,-72.2,-85.2,-80.4, 13, 27, 0.00,265,13.9
2026-10-01 11:17:00,-120.5600,34.7500,  95.5,16942,-72.3,-85.3,-80.5, 13, 27, 0.00,267,13.7
2026-10-01 11:17:00,-120.5600,34.7500,  91.0,17229,-71.7,-86.0,-81.2, 11, 22, 0.00,290,12.4
2026-10-01 11:17:00,-120.5600,34.7500,  84.0,17705,-70.7,-87.0,-82.3,  8, 16, 0.00,270, 9.3
2026-10-01 11:17:00,-120.5600,34.7500,  80.0,17996,-70.1,-87.7,-82.9,  7, 13, 0.00,310, 6.2
2026-10-01 11:17:00,-120.5600,34.7500,  78.0,18146,-69.8,-88.0,-83.3,  6, 12, 0.00,265, 1.5
2026-10-01 11:17:00,-120.5600,34.7500,  76.0,18301,-69.5,-88.4,-83.6,  5, 11, 0.00,260, 5.2
2026-10-01 11:17:00,-120.5600,34.7500,  72.0,18622,-68.8,-89.1,-84.4,  4,  8, 0.00,280, 9.8
2026-10-01 11:17:00,-120.5600,34.7500,  70.0,18790,-68.5,-89.5,-84.7,  4,  7, 0.00,290, 8.2
2026-10-01 11:17:00,-120.5600,34.7500,  64.0,19331,-65.9,-88.9,-84.1,  3,  6, 0.00, 35, 1.5
2026-10-01 11:17:00,-120.5600,34.7500,  58.0,19927,-67.1,-90.1,-85.4,  3,  5, 0.00, 10, 5.2
2026-10-01 11:17:00,-120.5600,34.7500,  57.1,20022,-67.3,-90.3,-85.5,  3,  5, 0.00, 25, 5.3
2026-10-01 11:17:00,-120.5600,34.7500,  55.0,20250,-66.4,-90.0,-85.2,  3,  5, 0.00, 60, 5.7
2026-10-01 11:17:00,-120.5600,34.7500,  53.0,20476,-65.5,-89.6,-84.9,  3,  5, 0.00, 65, 7.7
2026-10-01 11:17:00,-120.5600,34.7500,  51.0,20710,-64.6,-89.3,-84.5,  2,  4, 0.00,105, 6.2
2026-10-01 11:17:00,-120.5600,34.7500,  50.0,20830,-64.1,-89.1,-84.3,  2,  4, 0.00,115, 6.7
2026-10-01 11:17:00,-120.5600,34.7500,  49.0,20956,-63.7,-89.0,-84.2,  2,  4, 0.00,120, 6.2
2026-10-01 11:17:00,-120.5600,34.7500,  47.0,21215,-63.0,-88.7,-83.9,  2,  4, 0.00, 90, 6.7
2026-10-01 11:17:00,-120.5600,34.7500,  45.0,21486,-62.2,-88.4,-83.6,  2,  4, 0.00, 90, 5.2
2026-10-01 11:17:00,-120.5600,34.7500,  43.0,21770,-61.3,-88.1,-83.3,  2,  3, 0.00,155, 7.2
2026-10-01 11:17:00,-120.5600,34.7500,  32.7,23476,-56.3,-86.3,-81.5,  1,  2, 0.01,159, 2.9
2026-10-01 11:17:00,-120.5600,34.7500,  30.0,24020,-58.1,-87.1,-82.3,  2,  3, 0.01,160, 1.5
2026-10-01 11:17:00,-120.5600,34.7500,  24.9,25192,-58.7,-86.7,-81.9,  2,  3, 0.01, 89, 4.6
2026-10-01 11:17:00,-120.5600,34.7500,  24.0,25426,-57.3,-86.3,-81.5,  2,  3, 0.01, 75, 5.2
2026-10-01 11:17:00,-120.5600,34.7500,  23.0,25697,-55.7,-85.8,-81.1,  1,  2, 0.01, 10, 5.2
2026-10-01 11:17:00,-120.5600,34.7500,  21.5,26126,-53.1,-85.1,-80.3,  1,  2, 0.01, 99, 5.2
2026-10-01 11:17:00,-120.5600,34.7500,  21.0,26277,-53.9,-85.2,-80.5,  1,  2, 0.01,130, 5.2
2026-10-01 11:17:00,-120.5600,34.7500,  20.0,26590,-55.5,-85.5,-80.7,  1,  2, 0.01,120, 6.2
2026-10-01 11:17:00,-120.5600,34.7500,  15.0,28443,-51.1,-83.6,-78.8,  1,  2, 0.03,215, 5.2
2026-10-01 11:17:00,-120.5600,34.7500,  14.0,28888,-50.1,-83.1,-78.3,  1,  2, 0.03,245, 6.2
2026-10-01 11:17:00,-120.5600,34.7500,  13.0,29369,-51.0,-83.4,-78.6,  1,  2, 0.03,  0, 5.7
2026-10-01 11:17:00,-120.5600,34.7500,  12.5,29624,-51.5,-83.5,-78.7,  1,  2, 0.03,  0, 5.7
2026-10-01 11:17:00,-120.5600,34.7500,  12.0,29893,-50.4,-83.1,-78.4,  1,  2, 0.04,  0, 5.7
2026-10-01 11:17:00,-120.5600,34.7500,  11.0,30464,-48.1,-82.4,-77.6,  1,  2, 0.05,195, 0.5
2026-10-01 11:17:00,-120.5600,34.7500,  10.0,31090,-45.5,-81.5,-76.7,  1,  1, 0.06,225, 6.2
2026-10-01 11:17:00,-120.5600,34.7500,   9.0,31796,-44.3,-80.7,-76.0,  1,  1, 0.07,250, 5.2
2026-10-01 11:17:00,-120.5600,34.7500,   8.0,32585,-42.9,-79.9,-75.1,  1,  1, 0.09,260, 9.8
